date,stock_id,type,value,origin_name
2015-03-31,2880,CashAndCashEquivalents_per,2.87,現金及約當現金
2015-03-31,2880,CurrentIncomeTaxAssets_per,0.08,本期所得稅資產
2015-03-31,2880,DeferredTaxAssets_per,0.09,遞延所得稅資產
2015-03-31,2880,Equity_per,6.53,權益總計
2015-03-31,2880,EquivalentIssueSharesOfAdvanceReceiptsForOrdinaryShare,0.0,預收股款（權益項下）之約當發行股數
2015-03-31,2880,IntangibleAssets,346507000.0,無形資產
2015-03-31,2880,LegalReserve_per,0.42,法定盈餘公積
2015-03-31,2880,NoncontrollingInterests,1515000.0,非控制權益
2015-03-31,2880,NoncontrollingInterests_per,0.0,非控制權益
2015-03-31,2880,NumberOfSharesInEntityHeldByEntityAndByItsSubsidiaries,0.0,母公司暨子公司所持有之母公司庫藏股股數
2015-03-31,2880,OrdinaryShare,93279700000.0,普通股股本
2015-03-31,2880,OrdinaryShare_per,4.12,普通股股本
2015-03-31,2880,TotalAssets_per,100.0,資產總計
2015-03-31,2880,TotalLiabilitiesEquity_per,100.0,負債及權益總計
2015-03-31,2880,CashAndCashEquivalents,64983384000.0,現金及約當現金
2015-03-31,2880,DeferredTaxAssets,2121478000.0,遞延所得稅資產
2015-03-31,2880,TotalAssets,2262312127000.0,資產總計
2015-03-31,2880,LegalReserve,9528669000.0,法定盈餘公積
2015-03-31,2880,Equity,147791488000.0,權益總計
2015-03-31,2880,TotalLiabilitiesEquity,2262312127000.0,負債及權益總計
2015-03-31,2880,CurrentIncomeTaxAssets,1886954000.0,本期所得稅資產
2015-03-31,2880,InvestmentAccountedForUsingEquityMethod,68923000.0,採用權益法之投資
2015-03-31,2880,InvestmentAccountedForUsingEquityMethod_per,0.0,採用權益法之投資
2015-03-31,2880,IntangibleAssets_per,0.02,無形資產
2015-03-31,2880,CurrentTaxLiabilities,1941036000.0,本期所得稅負債
2015-03-31,2880,CurrentTaxLiabilities_per,0.09,本期所得稅負債
2015-03-31,2880,Liabilities,2114520639000.0,負債總
2015-03-31,2880,Liabilities_per,93.47,負債總
2015-03-31,2880,UnappropriatedRetainedEarningsAaccumulatedDeficit_per,0.92,未分配盈餘
2015-03-31,2880,UnappropriatedRetainedEarningsAaccumulatedDeficit,20702865000.0,未分配盈餘
2015-06-30,2880,CashAndCashEquivalents_per,2.22,現金及約當現金
2015-06-30,2880,CurrentIncomeTaxAssets,999022000.0,本期所得稅資產
2015-06-30,2880,CurrentIncomeTaxAssets_per,0.04,本期所得稅資產
2015-06-30,2880,DeferredTaxAssets_per,0.09,遞延所得稅資產
2015-06-30,2880,Equity_per,6.43,權益總計
2015-06-30,2880,EquivalentIssueSharesOfAdvanceReceiptsForOrdinaryShare,0.0,預收股款（權益項下）之約當發行股數
2015-06-30,2880,IntangibleAssets,320939000.0,無形資產
2015-06-30,2880,LegalReserve_per,0.48,法定盈餘公積
2015-06-30,2880,NoncontrollingInterests,1496000.0,非控制權益
2015-06-30,2880,NoncontrollingInterests_per,0.0,非控制權益
2015-06-30,2880,NumberOfSharesInEntityHeldByEntityAndByItsSubsidiaries,0.0,母公司暨子公司所持有之母公司庫藏股股數
2015-06-30,2880,OrdinaryShare,93279700000.0,普通股股本
2015-06-30,2880,OrdinaryShare_per,4.11,普通股股本
2015-06-30,2880,TotalAssets_per,100.0,資產總計
2015-06-30,2880,TotalLiabilitiesEquity_per,100.0,負債及權益總計
2015-06-30,2880,CashAndCashEquivalents,50310351000.0,現金及約當現金
2015-06-30,2880,DeferredTaxAssets,2151505000.0,遞延所得稅資產
2015-06-30,2880,TotalAssets,2270053871000.0,資產總計
2015-06-30,2880,LegalReserve,10841763000.0,法定盈餘公積
2015-06-30,2880,Equity,145908806000.0,權益總計
2015-06-30,2880,TotalLiabilitiesEquity,2270053871000.0,負債及權益總計
2015-06-30,2880,InvestmentAccountedForUsingEquityMethod,67709000.0,採用權益法之投資
2015-06-30,2880,InvestmentAccountedForUsingEquityMethod_per,0.0,採用權益法之投資
2015-06-30,2880,IntangibleAssets_per,0.01,無形資產
2015-06-30,2880,CurrentTaxLiabilities,2191011000.0,本期所得稅負債
2015-06-30,2880,CurrentTaxLiabilities_per,0.1,本期所得稅負債
2015-06-30,2880,Liabilities,2124145065000.0,負債總
2015-06-30,2880,Liabilities_per,93.57,負債總
2015-06-30,2880,UnappropriatedRetainedEarningsAaccumulatedDeficit_per,0.52,未分配盈餘
2015-06-30,2880,UnappropriatedRetainedEarningsAaccumulatedDeficit,11741713000.0,未分配盈餘
2015-09-30,2880,CashAndCashEquivalents_per,2.51,現金及約當現金
2015-09-30,2880,CurrentIncomeTaxAssets,871389000.0,本期所得稅資產
2015-09-30,2880,CurrentIncomeTaxAssets_per,0.04,本期所得稅資產
2015-09-30,2880,DeferredTaxAssets_per,0.1,遞延所得稅資產
2015-09-30,2880,Equity_per,6.39,權益總計
2015-09-30,2880,EquivalentIssueSharesOfAdvanceReceiptsForOrdinaryShare,0.0,預收股款（權益項下）之約當發行股數
2015-09-30,2880,IntangibleAssets,308233000.0,無形資產
2015-09-30,2880,LegalReserve_per,0.46,法定盈餘公積
2015-09-30,2880,NoncontrollingInterests,1516000.0,非控制權益
2015-09-30,2880,NoncontrollingInterests_per,0.0,非控制權益
2015-09-30,2880,NumberOfSharesInEntityHeldByEntityAndByItsSubsidiaries,0.0,母公司暨子公司所持有之母公司庫藏股股數
2015-09-30,2880,OrdinaryShare_per,4.23,普通股股本
2015-09-30,2880,TotalAssets_per,100.0,資產總計
2015-09-30,2880,TotalLiabilitiesEquity_per,100.0,負債及權益總計
2015-09-30,2880,CashAndCashEquivalents,58789648000.0,現金及約當現金
2015-09-30,2880,DeferredTaxAssets,2236831000.0,遞延所得稅資產
2015-09-30,2880,TotalAssets,2342581921000.0,資產總計
2015-09-30,2880,OrdinaryShare,99063042000.0,普通股股本
2015-09-30,2880,LegalReserve,10841763000.0,法定盈餘公積
2015-09-30,2880,Equity,149642661000.0,權益總計
2015-09-30,2880,TotalLiabilitiesEquity,2342581921000.0,負債及權益總計
2015-09-30,2880,InvestmentAccountedForUsingEquityMethod,67155000.0,採用權益法之投資
2015-09-30,2880,InvestmentAccountedForUsingEquityMethod_per,0.0,採用權益法之投資
2015-09-30,2880,IntangibleAssets_per,0.01,無形資產
2015-09-30,2880,CurrentTaxLiabilities,1680714000.0,本期所得稅負債
2015-09-30,2880,CurrentTaxLiabilities_per,0.07,本期所得稅負債
2015-09-30,2880,Liabilities,2192939260000.0,負債總
2015-09-30,2880,Liabilities_per,93.61,負債總
2015-09-30,2880,UnappropriatedRetainedEarningsAaccumulatedDeficit_per,0.63,未分配盈餘
2015-09-30,2880,UnappropriatedRetainedEarningsAaccumulatedDeficit,14747141000.0,未分配盈餘
2015-12-31,2880,CashAndCashEquivalents_per,1.67,現金及約當現金
2015-12-31,2880,CurrentIncomeTaxAssets,858262000.0,本期所得稅資產
2015-12-31,2880,CurrentIncomeTaxAssets_per,0.04,本期所得稅資產
2015-12-31,2880,DeferredTaxAssets_per,0.1,遞延所得稅資產
2015-12-31,2880,Equity_per,6.51,權益總計
2015-12-31,2880,EquivalentIssueSharesOfAdvanceReceiptsForOrdinaryShare,0.0,預收股款（權益項下）之約當發行股數
2015-12-31,2880,IntangibleAssets,496292000.0,無形資產
2015-12-31,2880,LegalReserve_per,0.46,法定盈餘公積
2015-12-31,2880,NoncontrollingInterests,1528000.0,非控制權益
2015-12-31,2880,NoncontrollingInterests_per,0.0,非控制權益
2015-12-31,2880,NumberOfSharesInEntityHeldByEntityAndByItsSubsidiaries,0.0,母公司暨子公司所持有之母公司庫藏股股數
2015-12-31,2880,OrdinaryShare_per,4.21,普通股股本
2015-12-31,2880,TotalAssets_per,100.0,資產總計
2015-12-31,2880,TotalLiabilitiesEquity_per,100.0,負債及權益總計
2015-12-31,2880,CashAndCashEquivalents,39189783000.0,現金及約當現金
2015-12-31,2880,DeferredTaxAssets,2270567000.0,遞延所得稅資產
2015-12-31,2880,TotalAssets,2350288574000.0,資產總計
2015-12-31,2880,OrdinaryShare,99063042000.0,普通股股本
2015-12-31,2880,LegalReserve,10841763000.0,法定盈餘公積
2015-12-31,2880,Equity,153069327000.0,權益總計
2015-12-31,2880,TotalLiabilitiesEquity,2350288574000.0,負債及權益總計
2015-12-31,2880,InvestmentAccountedForUsingEquityMethod,63224000.0,採用權益法之投資
2015-12-31,2880,InvestmentAccountedForUsingEquityMethod_per,0.0,採用權益法之投資
2015-12-31,2880,IntangibleAssets_per,0.02,無形資產
2015-12-31,2880,CurrentTaxLiabilities,1968250000.0,本期所得稅負債
2015-12-31,2880,CurrentTaxLiabilities_per,0.08,本期所得稅負債
2015-12-31,2880,Liabilities,2197219247000.0,負債總
2015-12-31,2880,Liabilities_per,93.49,負債總
2015-12-31,2880,UnappropriatedRetainedEarningsAaccumulatedDeficit_per,0.76,未分配盈餘
2015-12-31,2880,UnappropriatedRetainedEarningsAaccumulatedDeficit,17798934000.0,未分配盈餘
2016-03-31,2880,CashAndCashEquivalents_per,1.33,現金及約當現金
2016-03-31,2880,CurrentIncomeTaxAssets,981442000.0,本期所得稅資產
2016-03-31,2880,CurrentIncomeTaxAssets_per,0.04,本期所得稅資產
2016-03-31,2880,DeferredTaxAssets_per,0.08,遞延所得稅資產
2016-03-31,2880,Equity_per,6.55,權益總計
2016-03-31,2880,EquivalentIssueSharesOfAdvanceReceiptsForOrdinaryShare,0.0,預收股款（權益項下）之約當發行股數
2016-03-31,2880,IntangibleAssets,488633000.0,無形資產
2016-03-31,2880,LegalReserve_per,0.45,法定盈餘公積
2016-03-31,2880,NoncontrollingInterests,1541000.0,非控制權益
2016-03-31,2880,NoncontrollingInterests_per,0.0,非控制權益
2016-03-31,2880,NumberOfSharesInEntityHeldByEntityAndByItsSubsidiaries,0.0,母公司暨子公司所持有之母公司庫藏股股數
2016-03-31,2880,OrdinaryShare_per,4.14,普通股股本
2016-03-31,2880,TotalAssets_per,100.0,資產總計
2016-03-31,2880,TotalLiabilitiesEquity_per,100.0,負債及權益總計
2016-03-31,2880,CashAndCashEquivalents,31726894000.0,現金及約當現金
2016-03-31,2880,DeferredTaxAssets,1946692000.0,遞延所得稅資產
2016-03-31,2880,TotalAssets,2393862946000.0,資產總計
2016-03-31,2880,OrdinaryShare,99063042000.0,普通股股本
2016-03-31,2880,LegalReserve,10841763000.0,法定盈餘公積
2016-03-31,2880,Equity,156778671000.0,權益總計
2016-03-31,2880,TotalLiabilitiesEquity,2393862946000.0,負債及權益總計
2016-03-31,2880,InvestmentAccountedForUsingEquityMethod,61156000.0,採用權益法之投資
2016-03-31,2880,InvestmentAccountedForUsingEquityMethod_per,0.0,採用權益法之投資
2016-03-31,2880,IntangibleAssets_per,0.02,無形資產
2016-03-31,2880,CurrentTaxLiabilities,2239543000.0,本期所得稅負債
2016-03-31,2880,CurrentTaxLiabilities_per,0.09,本期所得稅負債
2016-03-31,2880,Liabilities,2237084275000.0,負債總
2016-03-31,2880,Liabilities_per,93.45,負債總
2016-03-31,2880,UnappropriatedRetainedEarningsAaccumulatedDeficit,21487586000.0,未分配盈餘
2016-03-31,2880,UnappropriatedRetainedEarningsAaccumulatedDeficit_per,0.9,未分配盈餘
2016-06-30,2880,CashAndCashEquivalents_per,1.64,現金及約當現金
2016-06-30,2880,CurrentIncomeTaxAssets,817744000.0,本期所得稅資產
2016-06-30,2880,CurrentIncomeTaxAssets_per,0.03,本期所得稅資產
2016-06-30,2880,DeferredTaxAssets_per,0.08,遞延所得稅資產
2016-06-30,2880,Equity_per,6.22,權益總計
2016-06-30,2880,EquivalentIssueSharesOfAdvanceReceiptsForOrdinaryShare,0.0,預收股款（權益項下）之約當發行股數
2016-06-30,2880,IntangibleAssets,467892000.0,無形資產
2016-06-30,2880,LegalReserve_per,0.49,法定盈餘公積
2016-06-30,2880,NoncontrollingInterests,1503000.0,非控制權益
2016-06-30,2880,NoncontrollingInterests_per,0.0,非控制權益
2016-06-30,2880,NumberOfSharesInEntityHeldByEntityAndByItsSubsidiaries,0.0,母公司暨子公司所持有之母公司庫藏股股數
2016-06-30,2880,OrdinaryShare_per,3.96,普通股股本
2016-06-30,2880,TotalAssets_per,100.0,資產總計
2016-06-30,2880,TotalLiabilitiesEquity_per,100.0,負債及權益總計
2016-06-30,2880,CashAndCashEquivalents,40939475000.0,現金及約當現金
2016-06-30,2880,DeferredTaxAssets,1961057000.0,遞延所得稅資產
2016-06-30,2880,TotalAssets,2498742336000.0,資產總計
2016-06-30,2880,OrdinaryShare,99063042000.0,普通股股本
2016-06-30,2880,LegalReserve,12249821000.0,法定盈餘公積
2016-06-30,2880,Equity,155450738000.0,權益總計
2016-06-30,2880,TotalLiabilitiesEquity,2498742336000.0,負債及權益總計
2016-06-30,2880,InvestmentAccountedForUsingEquityMethod,60356000.0,採用權益法之投資
2016-06-30,2880,InvestmentAccountedForUsingEquityMethod_per,0.0,採用權益法之投資
2016-06-30,2880,IntangibleAssets_per,0.02,無形資產
2016-06-30,2880,CurrentTaxLiabilities,1889664000.0,本期所得稅負債
2016-06-30,2880,CurrentTaxLiabilities_per,0.08,本期所得稅負債
2016-06-30,2880,Liabilities,2343291598000.0,負債總
2016-06-30,2880,Liabilities_per,93.78,負債總
2016-06-30,2880,UnappropriatedRetainedEarningsAaccumulatedDeficit,11698034000.0,未分配盈餘
2016-06-30,2880,UnappropriatedRetainedEarningsAaccumulatedDeficit_per,0.47,未分配盈餘
2016-09-30,2880,CashAndCashEquivalents_per,1.84,現金及約當現金
2016-09-30,2880,CurrentIncomeTaxAssets,863987000.0,本期所得稅資產
2016-09-30,2880,CurrentIncomeTaxAssets_per,0.03,本期所得稅資產
2016-09-30,2880,DeferredTaxAssets_per,0.08,遞延所得稅資產
2016-09-30,2880,Equity_per,6.21,權益總計
2016-09-30,2880,EquivalentIssueSharesOfAdvanceReceiptsForOrdinaryShare,0.0,預收股款（權益項下）之約當發行股數
2016-09-30,2880,IntangibleAssets,459760000.0,無形資產
2016-09-30,2880,LegalReserve_per,0.48,法定盈餘公積
2016-09-30,2880,NoncontrollingInterests,1529000.0,非控制權益
2016-09-30,2880,NoncontrollingInterests_per,0.0,非控制權益
2016-09-30,2880,NumberOfSharesInEntityHeldByEntityAndByItsSubsidiaries,0.0,母公司暨子公司所持有之母公司庫藏股股數
2016-09-30,2880,OrdinaryShare_per,4.16,普通股股本
2016-09-30,2880,TotalAssets_per,100.0,資產總計
2016-09-30,2880,TotalLiabilitiesEquity_per,100.0,負債及權益總計
2016-09-30,2880,CashAndCashEquivalents,46440997000.0,現金及約當現金
2016-09-30,2880,DeferredTaxAssets,2116795000.0,遞延所得稅資產
2016-09-30,2880,TotalAssets,2529500140000.0,資產總計
2016-09-30,2880,OrdinaryShare,105204951000.0,普通股股本
2016-09-30,2880,LegalReserve,12249821000.0,法定盈餘公積
2016-09-30,2880,Equity,157138576000.0,權益總計
2016-09-30,2880,TotalLiabilitiesEquity,2529500140000.0,負債及權益總計
2016-09-30,2880,InvestmentAccountedForUsingEquityMethod,60659000.0,採用權益法之投資
2016-09-30,2880,InvestmentAccountedForUsingEquityMethod_per,0.0,採用權益法之投資
2016-09-30,2880,IntangibleAssets_per,0.02,無形資產
2016-09-30,2880,CurrentTaxLiabilities,1218253000.0,本期所得稅負債
2016-09-30,2880,CurrentTaxLiabilities_per,0.05,本期所得稅負債
2016-09-30,2880,Liabilities,2372361564000.0,負債總
2016-09-30,2880,Liabilities_per,93.79,負債總
2016-09-30,2880,UnappropriatedRetainedEarningsAaccumulatedDeficit,14523008000.0,未分配盈餘
2016-09-30,2880,UnappropriatedRetainedEarningsAaccumulatedDeficit_per,0.57,未分配盈餘
2017-03-31,2880,CashAndCashEquivalents_per,1.69,現金及約當現金
2017-03-31,2880,CurrentIncomeTaxAssets,321464000.0,本期所得稅資產
2017-03-31,2880,CurrentIncomeTaxAssets_per,0.01,本期所得稅資產
2017-03-31,2880,DeferredTaxAssets_per,0.09,遞延所得稅資產
2017-03-31,2880,Equity_per,6.33,權益總計
2017-03-31,2880,EquivalentIssueSharesOfAdvanceReceiptsForOrdinaryShare,0.0,預收股款（權益項下）之約當發行股數
2017-03-31,2880,LegalReserve_per,0.48,法定盈餘公積
2017-03-31,2880,NoncontrollingInterests,1550000.0,非控制權益
2017-03-31,2880,NoncontrollingInterests_per,0.0,非控制權益
2017-03-31,2880,NumberOfSharesInEntityHeldByEntityAndByItsSubsidiaries,0.0,母公司暨子公司所持有之母公司庫藏股股數
2017-03-31,2880,OrdinaryShare_per,4.14,普通股股本
2017-03-31,2880,TotalAssets_per,100.0,資產總計
2017-03-31,2880,TotalLiabilitiesEquity_per,100.0,負債及權益總計
2017-03-31,2880,CashAndCashEquivalents,43033565000.0,現金及約當現金
2017-03-31,2880,DeferredTaxAssets,2185729000.0,遞延所得稅資產
2017-03-31,2880,TotalAssets,2543720441000.0,資產總計
2017-03-31,2880,OrdinaryShare,105204951000.0,普通股股本
2017-03-31,2880,LegalReserve,12249821000.0,法定盈餘公積
2017-03-31,2880,Equity,161109912000.0,權益總計
2017-03-31,2880,TotalLiabilitiesEquity,2543720441000.0,負債及權益總計
2017-03-31,2880,InvestmentAccountedForUsingEquityMethod,56766000.0,採用權益法之投資
2017-03-31,2880,InvestmentAccountedForUsingEquityMethod_per,0.0,採用權益法之投資
2017-03-31,2880,IntangibleAssets_per,0.02,無形資產
2017-03-31,2880,CurrentTaxLiabilities,1164877000.0,本期所得稅負債
2017-03-31,2880,CurrentTaxLiabilities_per,0.05,本期所得稅負債
2017-03-31,2880,Liabilities,2382610529000.0,負債總
2017-03-31,2880,Liabilities_per,93.67,負債總
2017-03-31,2880,UnappropriatedRetainedEarningsAaccumulatedDeficit,20018410000.0,未分配盈餘
2017-03-31,2880,UnappropriatedRetainedEarningsAaccumulatedDeficit_per,0.79,未分配盈餘
2017-03-31,2880,IntangibleAssets,517328000.0,無形資產
2017-06-30,2880,CashAndCashEquivalents_per,1.53,現金及約當現金
2017-06-30,2880,CurrentIncomeTaxAssets,345226000.0,本期所得稅資產
2017-06-30,2880,CurrentIncomeTaxAssets_per,0.01,本期所得稅資產
2017-06-30,2880,DeferredTaxAssets_per,0.09,遞延所得稅資產
2017-06-30,2880,Equity_per,6.25,權益總計
2017-06-30,2880,EquivalentIssueSharesOfAdvanceReceiptsForOrdinaryShare,0.0,預收股款（權益項下）之約當發行股數
2017-06-30,2880,LegalReserve_per,0.54,法定盈餘公積
2017-06-30,2880,NoncontrollingInterests,1540000.0,非控制權益
2017-06-30,2880,NoncontrollingInterests_per,0.0,非控制權益
2017-06-30,2880,NumberOfSharesInEntityHeldByEntityAndByItsSubsidiaries,0.0,母公司暨子公司所持有之母公司庫藏股股數
2017-06-30,2880,OrdinaryShare_per,4.15,普通股股本
2017-06-30,2880,TotalAssets_per,100.0,資產總計
2017-06-30,2880,TotalLiabilitiesEquity_per,100.0,負債及權益總計
2017-06-30,2880,CashAndCashEquivalents,38727283000.0,現金及約當現金
2017-06-30,2880,DeferredTaxAssets,2252799000.0,遞延所得稅資產
2017-06-30,2880,TotalAssets,2537094076000.0,資產總計
2017-06-30,2880,OrdinaryShare,105204951000.0,普通股股本
2017-06-30,2880,LegalReserve,13658494000.0,法定盈餘公積
2017-06-30,2880,Equity,158644761000.0,權益總計
2017-06-30,2880,TotalLiabilitiesEquity,2537094076000.0,負債及權益總計
2017-06-30,2880,InvestmentAccountedForUsingEquityMethod,55875000.0,採用權益法之投資
2017-06-30,2880,InvestmentAccountedForUsingEquityMethod_per,0.0,採用權益法之投資
2017-06-30,2880,IntangibleAssets_per,0.02,無形資產
2017-06-30,2880,CurrentTaxLiabilities,1297556000.0,本期所得稅負債
2017-06-30,2880,CurrentTaxLiabilities_per,0.05,本期所得稅負債
2017-06-30,2880,Liabilities,2378449315000.0,負債總
2017-06-30,2880,Liabilities_per,93.75,負債總
2017-06-30,2880,UnappropriatedRetainedEarningsAaccumulatedDeficit,9682343000.0,未分配盈餘
2017-06-30,2880,UnappropriatedRetainedEarningsAaccumulatedDeficit_per,0.38,未分配盈餘
2017-06-30,2880,IntangibleAssets,556589000.0,無形資產
2018-12-31,2880,CashAndCashEquivalents_per,1.81,現金及約當現金
2018-12-31,2880,CurrentIncomeTaxAssets,418349000.0,本期所得稅資產
2018-12-31,2880,CurrentIncomeTaxAssets_per,0.02,本期所得稅資產
2018-12-31,2880,DeferredTaxAssets,3496800000.0,遞延所得稅資產
2018-12-31,2880,DeferredTaxAssets_per,0.13,遞延所得稅資產
2018-12-31,2880,Equity_per,6.49,權益總計
2018-12-31,2880,EquivalentIssueSharesOfAdvanceReceiptsForOrdinaryShare,0.0,預收股款（權益項下）之約當發行股數
2018-12-31,2880,IntangibleAssets,762044000.0,無形資產
2018-12-31,2880,LegalReserve_per,0.55,法定盈餘公積
2018-12-31,2880,NoncontrollingInterests,2102000.0,非控制權益
2018-12-31,2880,NoncontrollingInterests_per,0.0,非控制權益
2018-12-31,2880,NumberOfSharesInEntityHeldByEntityAndByItsSubsidiaries,0.0,母公司暨子公司所持有之母公司庫藏股股數
2018-12-31,2880,OrdinaryShare_per,4.3,普通股股本
2018-12-31,2880,TotalAssets_per,100.0,資產總計
2018-12-31,2880,TotalLiabilitiesEquity_per,100.0,負債及權益總計
2018-12-31,2880,CashAndCashEquivalents,48510679000.0,現金及約當現金
2018-12-31,2880,TotalAssets,2684206863000.0,資產總計
2018-12-31,2880,OrdinaryShare,115436133000.0,普通股股本
2018-12-31,2880,LegalReserve,14860042000.0,法定盈餘公積
2018-12-31,2880,Equity,174157583000.0,權益總計
2018-12-31,2880,TotalLiabilitiesEquity,2684206863000.0,負債及權益總計
2018-12-31,2880,RightOfUseAsset,0.0,使用權資產
2018-12-31,2880,RightOfUseAsset_per,0.0,使用權資產
2018-12-31,2880,InvestmentAccountedForUsingEquityMethod,110724000.0,採用權益法之投資
2018-12-31,2880,InvestmentAccountedForUsingEquityMethod_per,0.0,採用權益法之投資
2018-12-31,2880,IntangibleAssets_per,0.03,無形資產
2018-12-31,2880,CurrentTaxLiabilities,1677066000.0,本期所得稅負債
2018-12-31,2880,CurrentTaxLiabilities_per,0.06,本期所得稅負債
2018-12-31,2880,Liabilities,2510049280000.0,負債總
2018-12-31,2880,Liabilities_per,93.51,負債總
2018-12-31,2880,UnappropriatedRetainedEarningsAaccumulatedDeficit,15829364000.0,未分配盈餘
2018-12-31,2880,UnappropriatedRetainedEarningsAaccumulatedDeficit_per,0.59,未分配盈餘
2019-09-30,2880,EquivalentIssueSharesOfAdvanceReceiptsForOrdinaryShare,0.0,預收股款（權益項下）之約當發行股數
2019-09-30,2880,IntangibleAssets,847079000.0,無形資產
2019-09-30,2880,NumberOfSharesInEntityHeldByEntityAndByItsSubsidiaries,0.0,母公司暨子公司所持有之母公司庫藏股股數
2019-09-30,2880,DeferredTaxAssets,3212784000.0,遞延所得稅資產
2019-09-30,2880,DeferredTaxAssets_per,0.12,遞延所得稅資產
2019-09-30,2880,TotalAssets,2676239759000.0,資產總計
2019-09-30,2880,TotalAssets_per,100.0,資產總計
2019-09-30,2880,OrdinaryShare,121727402000.0,普通股股本
2019-09-30,2880,OrdinaryShare_per,4.55,普通股股本
2019-09-30,2880,LegalReserve,16322174000.0,法定盈餘公積
2019-09-30,2880,LegalReserve_per,0.61,法定盈餘公積
2019-09-30,2880,NoncontrollingInterests,2119000.0,非控制權益
2019-09-30,2880,NoncontrollingInterests_per,0.0,非控制權益
2019-09-30,2880,Equity,185470211000.0,權益總計
2019-09-30,2880,Equity_per,6.93,權益總計
2019-09-30,2880,TotalLiabilitiesEquity,2676239759000.0,負債及權益總計
2019-09-30,2880,TotalLiabilitiesEquity_per,100.0,負債及權益總計
2019-09-30,2880,CurrentIncomeTaxAssets,366807000.0,本期所得稅資產
2019-09-30,2880,CurrentIncomeTaxAssets_per,0.01,本期所得稅資產
2019-09-30,2880,InvestmentAccountedForUsingEquityMethod,159866000.0,採用權益法之投資
2019-09-30,2880,InvestmentAccountedForUsingEquityMethod_per,0.01,採用權益法之投資
2019-09-30,2880,RightOfUseAsset,2050253000.0,使用權資產
2019-09-30,2880,RightOfUseAsset_per,0.08,使用權資產
2019-09-30,2880,IntangibleAssets_per,0.03,無形資產
2019-09-30,2880,CurrentTaxLiabilities,888574000.0,本期所得稅負債
2019-09-30,2880,CurrentTaxLiabilities_per,0.03,本期所得稅負債
2019-09-30,2880,Liabilities,2490769548000.0,負債總
2019-09-30,2880,Liabilities_per,93.07,負債總
2019-09-30,2880,UnappropriatedRetainedEarningsAaccumulatedDeficit,14365495000.0,未分配盈餘
2019-09-30,2880,UnappropriatedRetainedEarningsAaccumulatedDeficit_per,0.54,未分配盈餘
2019-09-30,2880,CashAndCashEquivalents,45198020000.0,現金及約當現金
2019-09-30,2880,CashAndCashEquivalents_per,1.69,現金及約當現金
2019-12-31,2880,EquivalentIssueSharesOfAdvanceReceiptsForOrdinaryShare,0.0,預收股款（權益項下）之約當發行股數
2019-12-31,2880,IntangibleAssets,914006000.0,無形資產
2019-12-31,2880,NumberOfSharesInEntityHeldByEntityAndByItsSubsidiaries,0.0,母公司暨子公司所持有之母公司庫藏股股數
2019-12-31,2880,DeferredTaxAssets,3353551000.0,遞延所得稅資產
2019-12-31,2880,DeferredTaxAssets_per,0.12,遞延所得稅資產
2019-12-31,2880,TotalAssets,2731828227000.0,資產總計
2019-12-31,2880,TotalAssets_per,100.0,資產總計
2019-12-31,2880,OrdinaryShare,121727402000.0,普通股股本
2019-12-31,2880,OrdinaryShare_per,4.46,普通股股本
2019-12-31,2880,LegalReserve,16322174000.0,法定盈餘公積
2019-12-31,2880,LegalReserve_per,0.6,法定盈餘公積
2019-12-31,2880,NoncontrollingInterests,2148000.0,非控制權益
2019-12-31,2880,NoncontrollingInterests_per,0.0,非控制權益
2019-12-31,2880,Equity,188700657000.0,權益總計
2019-12-31,2880,Equity_per,6.91,權益總計
2019-12-31,2880,TotalLiabilitiesEquity,2731828227000.0,負債及權益總計
2019-12-31,2880,TotalLiabilitiesEquity_per,100.0,負債及權益總計
2019-12-31,2880,CurrentIncomeTaxAssets,356269000.0,本期所得稅資產
2019-12-31,2880,CurrentIncomeTaxAssets_per,0.01,本期所得稅資產
2019-12-31,2880,InvestmentAccountedForUsingEquityMethod,164524000.0,採用權益法之投資
2019-12-31,2880,InvestmentAccountedForUsingEquityMethod_per,0.01,採用權益法之投資
2019-12-31,2880,RightOfUseAsset,2096128000.0,使用權資產
2019-12-31,2880,RightOfUseAsset_per,0.08,使用權資產
2019-12-31,2880,IntangibleAssets_per,0.03,無形資產
2019-12-31,2880,CurrentTaxLiabilities,1252443000.0,本期所得稅負債
2019-12-31,2880,CurrentTaxLiabilities_per,0.05,本期所得稅負債
2019-12-31,2880,Liabilities,2543127570000.0,負債總
2019-12-31,2880,Liabilities_per,93.09,負債總
2019-12-31,2880,UnappropriatedRetainedEarningsAaccumulatedDeficit,16941042000.0,未分配盈餘
2019-12-31,2880,UnappropriatedRetainedEarningsAaccumulatedDeficit_per,0.62,未分配盈餘
2019-12-31,2880,CashAndCashEquivalents,39320763000.0,現金及約當現金
2019-12-31,2880,CashAndCashEquivalents_per,1.44,現金及約當現金
2020-03-31,2880,CashAndCashEquivalents_per,1.57,現金及約當現金
2020-03-31,2880,CurrentIncomeTaxAssets,634729000.0,本期所得稅資產
2020-03-31,2880,CurrentIncomeTaxAssets_per,0.02,本期所得稅資產
2020-03-31,2880,DeferredTaxAssets_per,0.12,遞延所得稅資產
2020-03-31,2880,Equity_per,6.47,權益總計
2020-03-31,2880,LegalReserve_per,0.59,法定盈餘公積
2020-03-31,2880,NoncontrollingInterests,2206000.0,非控制權益
2020-03-31,2880,NoncontrollingInterests_per,0.0,非控制權益
2020-03-31,2880,OrdinaryShare_per,4.39,普通股股本
2020-03-31,2880,TotalAssets_per,100.0,資產總計
2020-03-31,2880,TotalLiabilitiesEquity_per,100.0,負債及權益總計
2020-03-31,2880,CashAndCashEquivalents,43603520000.0,現金及約當現金
2020-03-31,2880,DeferredTaxAssets,3247537000.0,遞延所得稅資產
2020-03-31,2880,TotalAssets,2770136913000.0,資產總計
2020-03-31,2880,OrdinaryShare,121727402000.0,普通股股本
2020-03-31,2880,LegalReserve,16322174000.0,法定盈餘公積
2020-03-31,2880,Equity,179319926000.0,權益總計
2020-03-31,2880,TotalLiabilitiesEquity,2770136913000.0,負債及權益總計
2020-03-31,2880,InvestmentAccountedForUsingEquityMethod,161581000.0,採用權益法之投資
2020-03-31,2880,InvestmentAccountedForUsingEquityMethod_per,0.01,採用權益法之投資
2020-03-31,2880,RightOfUseAsset,1963018000.0,使用權資產
2020-03-31,2880,RightOfUseAsset_per,0.07,使用權資產
2020-03-31,2880,IntangibleAssets,939384000.0,無形資產
2020-03-31,2880,IntangibleAssets_per,0.03,無形資產
2020-03-31,2880,CurrentTaxLiabilities,1815808000.0,本期所得稅負債
2020-03-31,2880,CurrentTaxLiabilities_per,0.07,本期所得稅負債
2020-03-31,2880,Liabilities,2590816987000.0,負債總
2020-03-31,2880,Liabilities_per,93.53,負債總
2020-03-31,2880,UnappropriatedRetainedEarningsAaccumulatedDeficit,14518567000.0,未分配盈餘
2020-03-31,2880,UnappropriatedRetainedEarningsAaccumulatedDeficit_per,0.52,未分配盈餘
2020-03-31,2880,NumberOfSharesInEntityHeldByEntityAndByItsSubsidiaries,0.0,母公司暨子公司所持有之母公司庫藏股股數
2020-06-30,2880,CashAndCashEquivalents_per,1.2,現金及約當現金
2020-06-30,2880,CurrentIncomeTaxAssets,575683000.0,本期所得稅資產
2020-06-30,2880,CurrentIncomeTaxAssets_per,0.02,本期所得稅資產
2020-06-30,2880,DeferredTaxAssets_per,0.11,遞延所得稅資產
2020-06-30,2880,Equity_per,6.35,權益總計
2020-06-30,2880,LegalReserve_per,0.62,法定盈餘公積
2020-06-30,2880,NoncontrollingInterests,2199000.0,非控制權益
2020-06-30,2880,NoncontrollingInterests_per,0.0,非控制權益
2020-06-30,2880,OrdinaryShare_per,4.26,普通股股本
2020-06-30,2880,TotalAssets_per,100.0,資產總計
2020-06-30,2880,TotalLiabilitiesEquity_per,100.0,負債及權益總計
2020-06-30,2880,CashAndCashEquivalents,34404807000.0,現金及約當現金
2020-06-30,2880,DeferredTaxAssets,3281008000.0,遞延所得稅資產
2020-06-30,2880,TotalAssets,2860221067000.0,資產總計
2020-06-30,2880,OrdinaryShare,121727402000.0,普通股股本
2020-06-30,2880,LegalReserve,17837809000.0,法定盈餘公積
2020-06-30,2880,Equity,181696905000.0,權益總計
2020-06-30,2880,TotalLiabilitiesEquity,2860221067000.0,負債及權益總計
2020-06-30,2880,InvestmentAccountedForUsingEquityMethod,167143000.0,採用權益法之投資
2020-06-30,2880,InvestmentAccountedForUsingEquityMethod_per,0.01,採用權益法之投資
2020-06-30,2880,RightOfUseAsset,1884789000.0,使用權資產
2020-06-30,2880,RightOfUseAsset_per,0.07,使用權資產
2020-06-30,2880,IntangibleAssets,941412000.0,無形資產
2020-06-30,2880,IntangibleAssets_per,0.03,無形資產
2020-06-30,2880,CurrentTaxLiabilities,1831343000.0,本期所得稅負債
2020-06-30,2880,CurrentTaxLiabilities_per,0.06,本期所得稅負債
2020-06-30,2880,Liabilities,2678524162000.0,負債總
2020-06-30,2880,Liabilities_per,93.65,負債總
2020-06-30,2880,UnappropriatedRetainedEarningsAaccumulatedDeficit,2222023000.0,未分配盈餘
2020-06-30,2880,UnappropriatedRetainedEarningsAaccumulatedDeficit_per,0.08,未分配盈餘
2020-06-30,2880,NumberOfSharesInEntityHeldByEntityAndByItsSubsidiaries,0.0,母公司暨子公司所持有之母公司庫藏股股數
2020-09-30,2880,CashAndCashEquivalents,35494112000.0,現金及約當現金
2020-09-30,2880,CashAndCashEquivalents_per,1.21,現金及約當現金
2020-09-30,2880,DeferredTaxAssets,3301060000.0,遞延所得稅資產
2020-09-30,2880,DeferredTaxAssets_per,0.11,遞延所得稅資產
2020-09-30,2880,TotalAssets,2942491031000.0,資產總計
2020-09-30,2880,TotalAssets_per,100.0,資產總計
2020-09-30,2880,OrdinaryShare,128547788000.0,普通股股本
2020-09-30,2880,OrdinaryShare_per,4.37,普通股股本
2020-09-30,2880,LegalReserve,17837809000.0,法定盈餘公積
2020-09-30,2880,LegalReserve_per,0.61,法定盈餘公積
2020-09-30,2880,NoncontrollingInterests,1973000.0,非控制權益
2020-09-30,2880,NoncontrollingInterests_per,0.0,非控制權益
2020-09-30,2880,Equity,185039767000.0,權益總計
2020-09-30,2880,Equity_per,6.29,權益總計
2020-09-30,2880,TotalLiabilitiesEquity,2942491031000.0,負債及權益總計
2020-09-30,2880,TotalLiabilitiesEquity_per,100.0,負債及權益總計
2020-09-30,2880,CurrentIncomeTaxAssets,443212000.0,本期所得稅資產
2020-09-30,2880,CurrentIncomeTaxAssets_per,0.02,本期所得稅資產
2020-09-30,2880,InvestmentAccountedForUsingEquityMethod,169237000.0,採用權益法之投資
2020-09-30,2880,InvestmentAccountedForUsingEquityMethod_per,0.01,採用權益法之投資
2020-09-30,2880,RightOfUseAsset,2028170000.0,使用權資產
2020-09-30,2880,RightOfUseAsset_per,0.07,使用權資產
2020-09-30,2880,IntangibleAssets,934266000.0,無形資產
2020-09-30,2880,IntangibleAssets_per,0.03,無形資產
2020-09-30,2880,CurrentTaxLiabilities,2074889000.0,本期所得稅負債
2020-09-30,2880,CurrentTaxLiabilities_per,0.07,本期所得稅負債
2020-09-30,2880,Liabilities,2757451264000.0,負債總
2020-09-30,2880,Liabilities_per,93.71,負債總
2020-09-30,2880,UnappropriatedRetainedEarningsAaccumulatedDeficit,5901259000.0,未分配盈餘
2020-09-30,2880,UnappropriatedRetainedEarningsAaccumulatedDeficit_per,0.2,未分配盈餘
2020-09-30,2880,NumberOfSharesInEntityHeldByEntityAndByItsSubsidiaries,0.0,母公司暨子公司所持有之母公司庫藏股股數
2020-12-31,2880,CashAndCashEquivalents,37562976000.0,現金及約當現金
2020-12-31,2880,CashAndCashEquivalents_per,1.21,現金及約當現金
2020-12-31,2880,DeferredTaxAssets,3432040000.0,遞延所得稅資產
2020-12-31,2880,DeferredTaxAssets_per,0.11,遞延所得稅資產
2020-12-31,2880,TotalAssets,3101082238000.0,資產總計
2020-12-31,2880,TotalAssets_per,100.0,資產總計
2020-12-31,2880,OrdinaryShare,128547788000.0,普通股股本
2020-12-31,2880,OrdinaryShare_per,4.15,普通股股本
2020-12-31,2880,LegalReserve,17837809000.0,法定盈餘公積
2020-12-31,2880,LegalReserve_per,0.58,法定盈餘公積
2020-12-31,2880,NoncontrollingInterests,2003000.0,非控制權益
2020-12-31,2880,NoncontrollingInterests_per,0.0,非控制權益
2020-12-31,2880,Equity,189404165000.0,權益總計
2020-12-31,2880,Equity_per,6.11,權益總計
2020-12-31,2880,TotalLiabilitiesEquity,3101082238000.0,負債及權益總計
2020-12-31,2880,TotalLiabilitiesEquity_per,100.0,負債及權益總計
2020-12-31,2880,CurrentIncomeTaxAssets,450435000.0,本期所得稅資產
2020-12-31,2880,CurrentIncomeTaxAssets_per,0.01,本期所得稅資產
2020-12-31,2880,InvestmentAccountedForUsingEquityMethod,179552000.0,採用權益法之投資
2020-12-31,2880,InvestmentAccountedForUsingEquityMethod_per,0.01,採用權益法之投資
2020-12-31,2880,RightOfUseAsset,1987287000.0,使用權資產
2020-12-31,2880,RightOfUseAsset_per,0.06,使用權資產
2020-12-31,2880,IntangibleAssets,933108000.0,無形資產
2020-12-31,2880,IntangibleAssets_per,0.03,無形資產
2020-12-31,2880,CurrentTaxLiabilities,2617347000.0,本期所得稅負債
2020-12-31,2880,CurrentTaxLiabilities_per,0.08,本期所得稅負債
2020-12-31,2880,Liabilities,2911678073000.0,負債總
2020-12-31,2880,Liabilities_per,93.89,負債總
2020-12-31,2880,UnappropriatedRetainedEarningsAaccumulatedDeficit,9340889000.0,未分配盈餘
2020-12-31,2880,UnappropriatedRetainedEarningsAaccumulatedDeficit_per,0.3,未分配盈餘
2020-12-31,2880,NumberOfSharesInEntityHeldByEntityAndByItsSubsidiaries,0.0,母公司暨子公司所持有之母公司庫藏股股數
2021-03-31,2880,CashAndCashEquivalents,34774343000.0,現金及約當現金
2021-03-31,2880,CashAndCashEquivalents_per,1.06,現金及約當現金
2021-03-31,2880,DeferredTaxAssets,3442380000.0,遞延所得稅資產
2021-03-31,2880,DeferredTaxAssets_per,0.1,遞延所得稅資產
2021-03-31,2880,TotalAssets,3278678917000.0,資產總計
2021-03-31,2880,TotalAssets_per,100.0,資產總計
2021-03-31,2880,OrdinaryShare,128547788000.0,普通股股本
2021-03-31,2880,OrdinaryShare_per,3.92,普通股股本
2021-03-31,2880,LegalReserve,17837809000.0,法定盈餘公積
2021-03-31,2880,LegalReserve_per,0.54,法定盈餘公積
2021-03-31,2880,NoncontrollingInterests,2047000.0,非控制權益
2021-03-31,2880,NoncontrollingInterests_per,0.0,非控制權益
2021-03-31,2880,Equity,193408592000.0,權益總計
2021-03-31,2880,Equity_per,5.9,權益總計
2021-03-31,2880,TotalLiabilitiesEquity,3278678917000.0,負債及權益總計
2021-03-31,2880,TotalLiabilitiesEquity_per,100.0,負債及權益總計
2021-03-31,2880,CurrentIncomeTaxAssets,433448000.0,本期所得稅資產
2021-03-31,2880,CurrentIncomeTaxAssets_per,0.01,本期所得稅資產
2021-03-31,2880,InvestmentAccountedForUsingEquityMethod,209453000.0,採用權益法之投資
2021-03-31,2880,InvestmentAccountedForUsingEquityMethod_per,0.01,採用權益法之投資
2021-03-31,2880,RightOfUseAsset,1944902000.0,使用權資產
2021-03-31,2880,RightOfUseAsset_per,0.06,使用權資產
2021-03-31,2880,IntangibleAssets,970599000.0,無形資產
2021-03-31,2880,IntangibleAssets_per,0.03,無形資產
2021-03-31,2880,CurrentTaxLiabilities,3002510000.0,本期所得稅負債
2021-03-31,2880,CurrentTaxLiabilities_per,0.09,本期所得稅負債
2021-03-31,2880,Liabilities,3085270325000.0,負債總
2021-03-31,2880,Liabilities_per,94.1,負債總
2021-03-31,2880,UnappropriatedRetainedEarningsAaccumulatedDeficit,13432382000.0,未分配盈餘
2021-03-31,2880,UnappropriatedRetainedEarningsAaccumulatedDeficit_per,0.41,未分配盈餘
2021-03-31,2880,NumberOfSharesInEntityHeldByEntityAndByItsSubsidiaries,0.0,母公司暨子公司所持有之母公司庫藏股股數
2021-06-30,2880,CashAndCashEquivalents,32934881000.0,現金及約當現金
2021-06-30,2880,CashAndCashEquivalents_per,1.0,現金及約當現金
2021-06-30,2880,DeferredTaxAssets,3309567000.0,遞延所得稅資產
2021-06-30,2880,DeferredTaxAssets_per,0.1,遞延所得稅資產
2021-06-30,2880,TotalAssets,3298258000000.0,資產總計
2021-06-30,2880,TotalAssets_per,100.0,資產總計
2021-06-30,2880,OrdinaryShare,128547788000.0,普通股股本
2021-06-30,2880,OrdinaryShare_per,3.9,普通股股本
2021-06-30,2880,LegalReserve,17837809000.0,法定盈餘公積
2021-06-30,2880,LegalReserve_per,0.54,法定盈餘公積
2021-06-30,2880,NoncontrollingInterests,2007000.0,非控制權益
2021-06-30,2880,NoncontrollingInterests_per,0.0,非控制權益
2021-06-30,2880,Equity,199672861000.0,權益總計
2021-06-30,2880,Equity_per,6.05,權益總計
2021-06-30,2880,TotalLiabilitiesEquity,3298258000000.0,負債及權益總計
2021-06-30,2880,TotalLiabilitiesEquity_per,100.0,負債及權益總計
2021-06-30,2880,CurrentIncomeTaxAssets,371224000.0,本期所得稅資產
2021-06-30,2880,CurrentIncomeTaxAssets_per,0.01,本期所得稅資產
2021-06-30,2880,InvestmentAccountedForUsingEquityMethod,352122000.0,採用權益法之投資
2021-06-30,2880,InvestmentAccountedForUsingEquityMethod_per,0.01,採用權益法之投資
2021-06-30,2880,RightOfUseAsset,1856297000.0,使用權資產
2021-06-30,2880,RightOfUseAsset_per,0.06,使用權資產
2021-06-30,2880,IntangibleAssets,941061000.0,無形資產
2021-06-30,2880,IntangibleAssets_per,0.03,無形資產
2021-06-30,2880,CurrentTaxLiabilities,1491562000.0,本期所得稅負債
2021-06-30,2880,CurrentTaxLiabilities_per,0.05,本期所得稅負債
2021-06-30,2880,Liabilities,3098585139000.0,負債總
2021-06-30,2880,Liabilities_per,93.95,負債總
2021-06-30,2880,UnappropriatedRetainedEarningsAaccumulatedDeficit,18905574000.0,未分配盈餘
2021-06-30,2880,UnappropriatedRetainedEarningsAaccumulatedDeficit_per,0.57,未分配盈餘
2021-06-30,2880,NumberOfSharesInEntityHeldByEntityAndByItsSubsidiaries,0.0,母公司暨子公司所持有之母公司庫藏股股數
2021-09-30,2880,CashAndCashEquivalents,33817530000.0,現金及約當現金
2021-09-30,2880,CashAndCashEquivalents_per,1.0,現金及約當現金
2021-09-30,2880,DeferredTaxAssets,3402369000.0,遞延所得稅資產
2021-09-30,2880,DeferredTaxAssets_per,0.1,遞延所得稅資產
2021-09-30,2880,TotalAssets,3396958881000.0,資產總計
2021-09-30,2880,TotalAssets_per,100.0,資產總計
2021-09-30,2880,OrdinaryShare,131941450000.0,普通股股本
2021-09-30,2880,OrdinaryShare_per,3.88,普通股股本
2021-09-30,2880,LegalReserve,18593434000.0,法定盈餘公積
2021-09-30,2880,LegalReserve_per,0.55,法定盈餘公積
2021-09-30,2880,NoncontrollingInterests,2057000.0,非控制權益
2021-09-30,2880,NoncontrollingInterests_per,0.0,非控制權益
2021-09-30,2880,Equity,197773823000.0,權益總計
2021-09-30,2880,Equity_per,5.82,權益總計
2021-09-30,2880,TotalLiabilitiesEquity,3396958881000.0,負債及權益總計
2021-09-30,2880,TotalLiabilitiesEquity_per,100.0,負債及權益總計
2021-09-30,2880,CurrentIncomeTaxAssets,347881000.0,本期所得稅資產
2021-09-30,2880,CurrentIncomeTaxAssets_per,0.01,本期所得稅資產
2021-09-30,2880,InvestmentAccountedForUsingEquityMethod,354626000.0,採用權益法之投資
2021-09-30,2880,InvestmentAccountedForUsingEquityMethod_per,0.01,採用權益法之投資
2021-09-30,2880,RightOfUseAsset,1985179000.0,使用權資產
2021-09-30,2880,RightOfUseAsset_per,0.06,使用權資產
2021-09-30,2880,IntangibleAssets,898206000.0,無形資產
2021-09-30,2880,IntangibleAssets_per,0.03,無形資產
2021-09-30,2880,CurrentTaxLiabilities,1948389000.0,本期所得稅負債
2021-09-30,2880,CurrentTaxLiabilities_per,0.06,本期所得稅負債
2021-09-30,2880,Liabilities,3199185058000.0,負債總
2021-09-30,2880,Liabilities_per,94.18,負債總
2021-09-30,2880,UnappropriatedRetainedEarningsAaccumulatedDeficit,16595270000.0,未分配盈餘
2021-09-30,2880,UnappropriatedRetainedEarningsAaccumulatedDeficit_per,0.49,未分配盈餘
2021-09-30,2880,NumberOfSharesInEntityHeldByEntityAndByItsSubsidiaries,0.0,母公司暨子公司所持有之母公司庫藏股股數
2021-12-31,2880,CashAndCashEquivalents,42752408000.0,現金及約當現金
2021-12-31,2880,CashAndCashEquivalents_per,1.24,現金及約當現金
2021-12-31,2880,DeferredTaxAssets,3571080000.0,遞延所得稅資產
2021-12-31,2880,DeferredTaxAssets_per,0.1,遞延所得稅資產
2021-12-31,2880,TotalAssets,3460953918000.0,資產總計
2021-12-31,2880,TotalAssets_per,100.0,資產總計
2021-12-31,2880,OrdinaryShare,131941450000.0,普通股股本
2021-12-31,2880,OrdinaryShare_per,3.81,普通股股本
2021-12-31,2880,LegalReserve,18593434000.0,法定盈餘公積
2021-12-31,2880,LegalReserve_per,0.54,法定盈餘公積
2021-12-31,2880,NoncontrollingInterests,2086000.0,非控制權益
2021-12-31,2880,NoncontrollingInterests_per,0.0,非控制權益
2021-12-31,2880,Equity,200706807000.0,權益總計
2021-12-31,2880,Equity_per,5.8,權益總計
2021-12-31,2880,TotalLiabilitiesEquity,3460953918000.0,負債及權益總計
2021-12-31,2880,TotalLiabilitiesEquity_per,100.0,負債及權益總計
2021-12-31,2880,CurrentIncomeTaxAssets,222141000.0,本期所得稅資產
2021-12-31,2880,CurrentIncomeTaxAssets_per,0.01,本期所得稅資產
2021-12-31,2880,InvestmentAccountedForUsingEquityMethod,360138000.0,採用權益法之投資
2021-12-31,2880,InvestmentAccountedForUsingEquityMethod_per,0.01,採用權益法之投資
2021-12-31,2880,RightOfUseAsset,1960405000.0,使用權資產
2021-12-31,2880,RightOfUseAsset_per,0.06,使用權資產
2021-12-31,2880,IntangibleAssets,942413000.0,無形資產
2021-12-31,2880,IntangibleAssets_per,0.03,無形資產
2021-12-31,2880,CurrentTaxLiabilities,2517810000.0,本期所得稅負債
2021-12-31,2880,CurrentTaxLiabilities_per,0.07,本期所得稅負債
2021-12-31,2880,Liabilities,3260247111000.0,負債總
2021-12-31,2880,Liabilities_per,94.2,負債總
2021-12-31,2880,UnappropriatedRetainedEarningsAaccumulatedDeficit,19658539000.0,未分配盈餘
2021-12-31,2880,UnappropriatedRetainedEarningsAaccumulatedDeficit_per,0.57,未分配盈餘
2021-12-31,2880,NumberOfSharesInEntityHeldByEntityAndByItsSubsidiaries,0.0,母公司暨子公司所持有之母公司庫藏股股數
2022-03-31,2880,CashAndCashEquivalents,33258791000.0,現金及約當現金
2022-03-31,2880,CashAndCashEquivalents_per,0.94,現金及約當現金
2022-03-31,2880,InvestmentAccountedForUsingEquityMethod,355989000.0,採用權益法之投資
2022-03-31,2880,InvestmentAccountedForUsingEquityMethod_per,0.01,採用權益法之投資
2022-03-31,2880,RightOfUseAsset,2199985000.0,使用權資產
2022-03-31,2880,RightOfUseAsset_per,0.06,使用權資產
2022-03-31,2880,IntangibleAssets,950871000.0,無形資產
2022-03-31,2880,IntangibleAssets_per,0.03,無形資產
2022-03-31,2880,DeferredTaxAssets,3468885000.0,遞延所得稅資產
2022-03-31,2880,DeferredTaxAssets_per,0.1,遞延所得稅資產
2022-03-31,2880,TotalAssets,3549844724000.0,資產總計
2022-03-31,2880,TotalAssets_per,100.0,資產總計
2022-03-31,2880,CurrentTaxLiabilities,3166774000.0,本期所得稅負債
2022-03-31,2880,CurrentTaxLiabilities_per,0.09,本期所得稅負債
2022-03-31,2880,Liabilities,3351724570000.0,負債總
2022-03-31,2880,Liabilities_per,94.42,負債總
2022-03-31,2880,OrdinaryShare,131941450000.0,普通股股本
2022-03-31,2880,OrdinaryShare_per,3.72,普通股股本
2022-03-31,2880,LegalReserve,18593434000.0,法定盈餘公積
2022-03-31,2880,LegalReserve_per,0.52,法定盈餘公積
2022-03-31,2880,UnappropriatedRetainedEarningsAaccumulatedDeficit,23578480000.0,未分配盈餘
2022-03-31,2880,UnappropriatedRetainedEarningsAaccumulatedDeficit_per,0.66,未分配盈餘
2022-03-31,2880,NoncontrollingInterests,2122000.0,非控制權益
2022-03-31,2880,NoncontrollingInterests_per,0.0,非控制權益
2022-03-31,2880,Equity,198120154000.0,權益總計
2022-03-31,2880,Equity_per,5.58,權益總計
2022-03-31,2880,TotalLiabilitiesEquity,3549844724000.0,負債及權益總計
2022-03-31,2880,TotalLiabilitiesEquity_per,100.0,負債及權益總計
2022-03-31,2880,NumberOfSharesInEntityHeldByEntityAndByItsSubsidiaries,0.0,母公司暨子公司所持有之母公司庫藏股股數
2022-03-31,2880,CurrentIncomeTaxAssets,302295000.0,本期所得稅資產
2022-03-31,2880,CurrentIncomeTaxAssets_per,0.01,本期所得稅資產
2022-06-30,2880,CashAndCashEquivalents,37019494000.0,現金及約當現金
2022-06-30,2880,CashAndCashEquivalents_per,1.02,現金及約當現金
2022-06-30,2880,InvestmentAccountedForUsingEquityMethod,359115000.0,採用權益法之投資
2022-06-30,2880,InvestmentAccountedForUsingEquityMethod_per,0.01,採用權益法之投資
2022-06-30,2880,RightOfUseAsset,2093897000.0,使用權資產
2022-06-30,2880,RightOfUseAsset_per,0.06,使用權資產
2022-06-30,2880,IntangibleAssets,913166000.0,無形資產
2022-06-30,2880,IntangibleAssets_per,0.03,無形資產
2022-06-30,2880,DeferredTaxAssets,3587534000.0,遞延所得稅資產
2022-06-30,2880,DeferredTaxAssets_per,0.1,遞延所得稅資產
2022-06-30,2880,TotalAssets,3632588285000.0,資產總計
2022-06-30,2880,TotalAssets_per,100.0,資產總計
2022-06-30,2880,CurrentTaxLiabilities,1797414000.0,本期所得稅負債
2022-06-30,2880,CurrentTaxLiabilities_per,0.05,本期所得稅負債
2022-06-30,2880,Liabilities,3454280011000.0,負債總
2022-06-30,2880,Liabilities_per,95.09,負債總
2022-06-30,2880,OrdinaryShare,131941450000.0,普通股股本
2022-06-30,2880,OrdinaryShare_per,3.63,普通股股本
2022-06-30,2880,LegalReserve,20380779000.0,法定盈餘公積
2022-06-30,2880,LegalReserve_per,0.56,法定盈餘公積
2022-06-30,2880,UnappropriatedRetainedEarningsAaccumulatedDeficit,12948562000.0,未分配盈餘
2022-06-30,2880,UnappropriatedRetainedEarningsAaccumulatedDeficit_per,0.36,未分配盈餘
2022-06-30,2880,NoncontrollingInterests,2113000.0,非控制權益
2022-06-30,2880,NoncontrollingInterests_per,0.0,非控制權益
2022-06-30,2880,Equity,178308274000.0,權益總計
2022-06-30,2880,Equity_per,4.91,權益總計
2022-06-30,2880,TotalLiabilitiesEquity,3632588285000.0,負債及權益總計
2022-06-30,2880,TotalLiabilitiesEquity_per,100.0,負債及權益總計
2022-06-30,2880,NumberOfSharesInEntityHeldByEntityAndByItsSubsidiaries,0.0,母公司暨子公司所持有之母公司庫藏股股數
2022-06-30,2880,CurrentIncomeTaxAssets,184647000.0,本期所得稅資產
2022-06-30,2880,CurrentIncomeTaxAssets_per,0.01,本期所得稅資產
2022-09-30,2880,CashAndCashEquivalents,39175888000.0,現金及約當現金
2022-09-30,2880,CashAndCashEquivalents_per,1.08,現金及約當現金
2022-09-30,2880,DeferredTaxAssets,4183566000.0,遞延所得稅資產
2022-09-30,2880,DeferredTaxAssets_per,0.12,遞延所得稅資產
2022-09-30,2880,TotalAssets,3618929855000.0,資產總計
2022-09-30,2880,TotalAssets_per,100.0,資產總計
2022-09-30,2880,OrdinaryShare,136427459000.0,普通股股本
2022-09-30,2880,OrdinaryShare_per,3.77,普通股股本
2022-09-30,2880,LegalReserve,20380779000.0,法定盈餘公積
2022-09-30,2880,LegalReserve_per,0.56,法定盈餘公積
2022-09-30,2880,NoncontrollingInterests,2128000.0,非控制權益
2022-09-30,2880,NoncontrollingInterests_per,0.0,非控制權益
2022-09-30,2880,Equity,177824754000.0,權益總計
2022-09-30,2880,Equity_per,4.91,權益總計
2022-09-30,2880,TotalLiabilitiesEquity,3618929855000.0,負債及權益總計
2022-09-30,2880,TotalLiabilitiesEquity_per,100.0,負債及權益總計
2022-09-30,2880,CurrentIncomeTaxAssets,167190000.0,本期所得稅資產
2022-09-30,2880,CurrentIncomeTaxAssets_per,0.0,本期所得稅資產
2022-09-30,2880,InvestmentAccountedForUsingEquityMethod,359216000.0,採用權益法之投資
2022-09-30,2880,InvestmentAccountedForUsingEquityMethod_per,0.01,採用權益法之投資
2022-09-30,2880,RightOfUseAsset,2132752000.0,使用權資產
2022-09-30,2880,RightOfUseAsset_per,0.06,使用權資產
2022-09-30,2880,IntangibleAssets,937271000.0,無形資產
2022-09-30,2880,IntangibleAssets_per,0.03,無形資產
2022-09-30,2880,CurrentTaxLiabilities,2888833000.0,本期所得稅負債
2022-09-30,2880,CurrentTaxLiabilities_per,0.08,本期所得稅負債
2022-09-30,2880,Liabilities,3441105101000.0,負債總
2022-09-30,2880,Liabilities_per,95.09,負債總
2022-09-30,2880,UnappropriatedRetainedEarningsAaccumulatedDeficit,18234128000.0,未分配盈餘
2022-09-30,2880,UnappropriatedRetainedEarningsAaccumulatedDeficit_per,0.5,未分配盈餘
2022-09-30,2880,NumberOfSharesInEntityHeldByEntityAndByItsSubsidiaries,0.0,母公司暨子公司所持有之母公司庫藏股股數
2023-03-31,2880,CashAndCashEquivalents,30112222000.0,現金及約當現金
2023-03-31,2880,CashAndCashEquivalents_per,0.82,現金及約當現金
2023-03-31,2880,InvestmentAccountedForUsingEquityMethod,349180000.0,採用權益法之投資
2023-03-31,2880,InvestmentAccountedForUsingEquityMethod_per,0.01,採用權益法之投資
2023-03-31,2880,RightOfUseAsset,2107581000.0,使用權資產
2023-03-31,2880,RightOfUseAsset_per,0.06,使用權資產
2023-03-31,2880,IntangibleAssets,1002097000.0,無形資產
2023-03-31,2880,IntangibleAssets_per,0.03,無形資產
2023-03-31,2880,DeferredTaxAssets,3877354000.0,遞延所得稅資產
2023-03-31,2880,DeferredTaxAssets_per,0.11,遞延所得稅資產
2023-03-31,2880,TotalAssets,3676923802000.0,資產總計
2023-03-31,2880,TotalAssets_per,100.0,資產總計
2023-03-31,2880,CurrentTaxLiabilities,4450662000.0,本期所得稅負債
2023-03-31,2880,CurrentTaxLiabilities_per,0.12,本期所得稅負債
2023-03-31,2880,Liabilities,3483930937000.0,負債總
2023-03-31,2880,Liabilities_per,94.75,負債總
2023-03-31,2880,OrdinaryShare,136427459000.0,普通股股本
2023-03-31,2880,OrdinaryShare_per,3.71,普通股股本
2023-03-31,2880,LegalReserve,20380779000.0,法定盈餘公積
2023-03-31,2880,LegalReserve_per,0.55,法定盈餘公積
2023-03-31,2880,UnappropriatedRetainedEarningsAaccumulatedDeficit,27080359000.0,未分配盈餘
2023-03-31,2880,UnappropriatedRetainedEarningsAaccumulatedDeficit_per,0.74,未分配盈餘
2023-03-31,2880,NoncontrollingInterests,2206000.0,非控制權益
2023-03-31,2880,NoncontrollingInterests_per,0.0,非控制權益
2023-03-31,2880,Equity,192992865000.0,權益總計
2023-03-31,2880,Equity_per,5.25,權益總計
2023-03-31,2880,TotalLiabilitiesEquity,3676923802000.0,負債及權益總計
2023-03-31,2880,TotalLiabilitiesEquity_per,100.0,負債及權益總計
2023-03-31,2880,NumberOfSharesInEntityHeldByEntityAndByItsSubsidiaries,0.0,母公司暨子公司所持有之母公司庫藏股股數
2023-03-31,2880,CurrentIncomeTaxAssets,232491000.0,本期所得稅資產
2023-03-31,2880,CurrentIncomeTaxAssets_per,0.01,本期所得稅資產
2023-06-30,2880,CashAndCashEquivalents,37459506000.0,現金及約當現金
2023-06-30,2880,CashAndCashEquivalents_per,1.0,現金及約當現金
2023-06-30,2880,InvestmentAccountedForUsingEquityMethod,350455000.0,採用權益法之投資
2023-06-30,2880,InvestmentAccountedForUsingEquityMethod_per,0.01,採用權益法之投資
2023-06-30,2880,RightOfUseAsset,2108098000.0,使用權資產
2023-06-30,2880,RightOfUseAsset_per,0.06,使用權資產
2023-06-30,2880,IntangibleAssets,993097000.0,無形資產
2023-06-30,2880,IntangibleAssets_per,0.03,無形資產
2023-06-30,2880,DeferredTaxAssets,3801936000.0,遞延所得稅資產
2023-06-30,2880,DeferredTaxAssets_per,0.1,遞延所得稅資產
2023-06-30,2880,TotalAssets_per,100.0,資產總計
2023-06-30,2880,CurrentTaxLiabilities,2280947000.0,本期所得稅負債
2023-06-30,2880,CurrentTaxLiabilities_per,0.06,本期所得稅負債
2023-06-30,2880,OrdinaryShare,136427459000.0,普通股股本
2023-06-30,2880,OrdinaryShare_per,3.66,普通股股本
2023-06-30,2880,LegalReserve,22273772000.0,法定盈餘公積
2023-06-30,2880,LegalReserve_per,0.6,法定盈餘公積
2023-06-30,2880,UnappropriatedRetainedEarningsAaccumulatedDeficit,11025514000.0,未分配盈餘
2023-06-30,2880,UnappropriatedRetainedEarningsAaccumulatedDeficit_per,0.3,未分配盈餘
2023-06-30,2880,NoncontrollingInterests,2184000.0,非控制權益
2023-06-30,2880,NoncontrollingInterests_per,0.0,非控制權益
2023-06-30,2880,Equity,191176745000.0,權益總計
2023-06-30,2880,TotalLiabilitiesEquity_per,100.0,負債及權益總計
2023-06-30,2880,NumberOfSharesInEntityHeldByEntityAndByItsSubsidiaries,0.0,母公司暨子公司所持有之母公司庫藏股股數
2023-06-30,2880,CurrentIncomeTaxAssets,382023000.0,本期所得稅資產
2023-06-30,2880,CurrentIncomeTaxAssets_per,0.01,本期所得稅資產
2023-06-30,2880,TotalAssets,3729392935000.0,資產總計
2023-06-30,2880,Liabilities,3538216190000.0,負債總
2023-06-30,2880,Liabilities_per,94.87,負債總
2023-06-30,2880,Equity_per,5.13,權益總計
2023-06-30,2880,TotalLiabilitiesEquity,3729392935000.0,負債及權益總計
2024-09-30,2880,CashAndCashEquivalents,64528939000.0,現金及約當現金
2024-09-30,2880,CashAndCashEquivalents_per,1.54,現金及約當現金
2024-09-30,2880,InvestmentAccountedForUsingEquityMethod,345254000.0,採用權益法之投資
2024-09-30,2880,InvestmentAccountedForUsingEquityMethod_per,0.01,採用權益法之投資
2024-09-30,2880,RightOfUseAsset,2243948000.0,使用權資產
2024-09-30,2880,RightOfUseAsset_per,0.05,使用權資產
2024-09-30,2880,IntangibleAssets,899424000.0,無形資產
2024-09-30,2880,IntangibleAssets_per,0.02,無形資產
2024-09-30,2880,DeferredTaxAssets,3905589000.0,遞延所得稅資產
2024-09-30,2880,DeferredTaxAssets_per,0.09,遞延所得稅資產
2024-09-30,2880,TotalAssets,4193357391000.0,資產總計
2024-09-30,2880,TotalAssets_per,100.0,資產總計
2024-09-30,2880,CurrentTaxLiabilities,2346061000.0,本期所得稅負債
2024-09-30,2880,CurrentTaxLiabilities_per,0.06,本期所得稅負債
2024-09-30,2880,Liabilities,3974992349000.0,負債總
2024-09-30,2880,Liabilities_per,94.79,負債總
2024-09-30,2880,OrdinaryShare,137791734000.0,普通股股本
2024-09-30,2880,OrdinaryShare_per,3.29,普通股股本
2024-09-30,2880,LegalReserve,24580603000.0,法定盈餘公積
2024-09-30,2880,LegalReserve_per,0.59,法定盈餘公積
2024-09-30,2880,UnappropriatedRetainedEarningsAaccumulatedDeficit,32081695000.0,未分配盈餘
2024-09-30,2880,UnappropriatedRetainedEarningsAaccumulatedDeficit_per,0.77,未分配盈餘
2024-09-30,2880,NoncontrollingInterests,2358000.0,非控制權益
2024-09-30,2880,NoncontrollingInterests_per,0.0,非控制權益
2024-09-30,2880,Equity,218365042000.0,權益總計
2024-09-30,2880,Equity_per,5.21,權益總計
2024-09-30,2880,TotalLiabilitiesEquity,4193357391000.0,負債及權益總計
2024-09-30,2880,TotalLiabilitiesEquity_per,100.0,負債及權益總計
2024-09-30,2880,NumberOfSharesInEntityHeldByEntityAndByItsSubsidiaries,0.0,母公司暨子公司所持有之母公司庫藏股股數
2024-09-30,2880,CurrentIncomeTaxAssets,119849000.0,本期所得稅資產
2024-09-30,2880,CurrentIncomeTaxAssets_per,0.0,本期所得稅資產
2024-12-31,2880,CashAndCashEquivalents,75858073000.0,現金及約當現金
2024-12-31,2880,CashAndCashEquivalents_per,1.79,現金及約當現金
2024-12-31,2880,InvestmentAccountedForUsingEquityMethod,276595000.0,採用權益法之投資
2024-12-31,2880,InvestmentAccountedForUsingEquityMethod_per,0.01,採用權益法之投資
2024-12-31,2880,RightOfUseAsset,2185115000.0,使用權資產
2024-12-31,2880,RightOfUseAsset_per,0.05,使用權資產
2024-12-31,2880,IntangibleAssets,960683000.0,無形資產
2024-12-31,2880,IntangibleAssets_per,0.02,無形資產
2024-12-31,2880,DeferredTaxAssets,3837916000.0,遞延所得稅資產
2024-12-31,2880,DeferredTaxAssets_per,0.09,遞延所得稅資產
2024-12-31,2880,TotalAssets,4246261896000.0,資產總計
2024-12-31,2880,TotalAssets_per,100.0,資產總計
2024-12-31,2880,CurrentTaxLiabilities,3085600000.0,本期所得稅負債
2024-12-31,2880,CurrentTaxLiabilities_per,0.07,本期所得稅負債
2024-12-31,2880,Liabilities,4025909007000.0,負債總
2024-12-31,2880,Liabilities_per,94.81,負債總
2024-12-31,2880,OrdinaryShare,137791734000.0,普通股股本
2024-12-31,2880,OrdinaryShare_per,3.25,普通股股本
2024-12-31,2880,LegalReserve,24580603000.0,法定盈餘公積
2024-12-31,2880,LegalReserve_per,0.58,法定盈餘公積
2024-12-31,2880,UnappropriatedRetainedEarningsAaccumulatedDeficit,37623733000.0,未分配盈餘
2024-12-31,2880,UnappropriatedRetainedEarningsAaccumulatedDeficit_per,0.89,未分配盈餘
2024-12-31,2880,NoncontrollingInterests,2422000.0,非控制權益
2024-12-31,2880,NoncontrollingInterests_per,0.0,非控制權益
2024-12-31,2880,Equity,220352889000.0,權益總計
2024-12-31,2880,Equity_per,5.19,權益總計
2024-12-31,2880,TotalLiabilitiesEquity,4246261896000.0,負債及權益總計
2024-12-31,2880,TotalLiabilitiesEquity_per,100.0,負債及權益總計
2024-12-31,2880,NumberOfSharesInEntityHeldByEntityAndByItsSubsidiaries,0.0,母公司暨子公司所持有之母公司庫藏股股數
2024-12-31,2880,CurrentIncomeTaxAssets,334871000.0,本期所得稅資產
2024-12-31,2880,CurrentIncomeTaxAssets_per,0.01,本期所得稅資產
2025-03-31,2880,CashAndCashEquivalents,37534314000.0,現金及約當現金
2025-03-31,2880,CashAndCashEquivalents_per,0.91,現金及約當現金
2025-03-31,2880,InvestmentAccountedForUsingEquityMethod,266307000.0,採用權益法之投資
2025-03-31,2880,InvestmentAccountedForUsingEquityMethod_per,0.01,採用權益法之投資
2025-03-31,2880,RightOfUseAsset,2113285000.0,使用權資產
2025-03-31,2880,RightOfUseAsset_per,0.05,使用權資產
2025-03-31,2880,IntangibleAssets,999772000.0,無形資產
2025-03-31,2880,IntangibleAssets_per,0.02,無形資產
2025-03-31,2880,DeferredTaxAssets_per,0.09,遞延所得稅資產
2025-03-31,2880,TotalAssets_per,100.0,資產總計
2025-03-31,2880,CurrentTaxLiabilities_per,0.1,本期所得稅負債
2025-03-31,2880,OrdinaryShare,137791734000.0,普通股股本
2025-03-31,2880,LegalReserve,24580603000.0,法定盈餘公積
2025-03-31,2880,NoncontrollingInterests,2470000.0,非控制權益
2025-03-31,2880,NoncontrollingInterests_per,0.0,非控制權益
2025-03-31,2880,TotalLiabilitiesEquity_per,100.0,負債及權益總計
2025-03-31,2880,NumberOfSharesInEntityHeldByEntityAndByItsSubsidiaries,0.0,母公司暨子公司所持有之母公司庫藏股股數
2025-03-31,2880,CurrentIncomeTaxAssets,341096000.0,本期所得稅資產
2025-03-31,2880,CurrentIncomeTaxAssets_per,0.01,本期所得稅資產
2025-03-31,2880,DeferredTaxAssets,3833019000.0,遞延所得稅資產
2025-03-31,2880,TotalAssets,4130834276000.0,資產總計
2025-03-31,2880,CurrentTaxLiabilities,4045583000.0,本期所得稅負債
2025-03-31,2880,Liabilities,3899382620000.0,負債總
2025-03-31,2880,Liabilities_per,94.4,負債總
2025-03-31,2880,OrdinaryShare_per,3.34,普通股股本
2025-03-31,2880,LegalReserve_per,0.6,法定盈餘公積
2025-03-31,2880,UnappropriatedRetainedEarningsAaccumulatedDeficit,44047664000.0,未分配盈餘
2025-03-31,2880,UnappropriatedRetainedEarningsAaccumulatedDeficit_per,1.07,未分配盈餘
2025-03-31,2880,Equity,231451656000.0,權益總計
2025-03-31,2880,Equity_per,5.6,權益總計
2025-03-31,2880,TotalLiabilitiesEquity,4130834276000.0,負債及權益總計
2025-03-31,2880,CurrentContractLiabilities,13706651000.0,合約負債
2025-03-31,2880,CurrentContractLiabilities_per,0.33,合約負債
2025-06-30,2880,CashAndCashEquivalents,33299715000.0,現金及約當現金
2025-06-30,2880,CashAndCashEquivalents_per,0.8,現金及約當現金
2025-06-30,2880,InvestmentAccountedForUsingEquityMethod,265949000.0,採用權益法之投資
2025-06-30,2880,InvestmentAccountedForUsingEquityMethod_per,0.01,採用權益法之投資
2025-06-30,2880,RightOfUseAsset,1972857000.0,使用權資產
2025-06-30,2880,RightOfUseAsset_per,0.05,使用權資產
2025-06-30,2880,IntangibleAssets,996218000.0,無形資產
2025-06-30,2880,IntangibleAssets_per,0.02,無形資產
2025-06-30,2880,DeferredTaxAssets,3971768000.0,遞延所得稅資產
2025-06-30,2880,DeferredTaxAssets_per,0.09,遞延所得稅資產
2025-06-30,2880,TotalAssets,4186253927000.0,資產總計
2025-06-30,2880,TotalAssets_per,100.0,資產總計
2025-06-30,2880,CurrentTaxLiabilities,3254716000.0,本期所得稅負債
2025-06-30,2880,CurrentTaxLiabilities_per,0.08,本期所得稅負債
2025-06-30,2880,Liabilities,3971147365000.0,負債總
2025-06-30,2880,Liabilities_per,94.86,負債總
2025-06-30,2880,OrdinaryShare,137791734000.0,普通股股本
2025-06-30,2880,OrdinaryShare_per,3.29,普通股股本
2025-06-30,2880,LegalReserve,27239092000.0,法定盈餘公積
2025-06-30,2880,LegalReserve_per,0.65,法定盈餘公積
2025-06-30,2880,UnappropriatedRetainedEarningsAaccumulatedDeficit,29312187000.0,未分配盈餘
2025-06-30,2880,UnappropriatedRetainedEarningsAaccumulatedDeficit_per,0.7,未分配盈餘
2025-06-30,2880,NoncontrollingInterests,2432000.0,非控制權益
2025-06-30,2880,NoncontrollingInterests_per,0.0,非控制權益
2025-06-30,2880,Equity,215106562000.0,權益總計
2025-06-30,2880,Equity_per,5.14,權益總計
2025-06-30,2880,TotalLiabilitiesEquity,4186253927000.0,負債及權益總計
2025-06-30,2880,TotalLiabilitiesEquity_per,100.0,負債及權益總計
2025-06-30,2880,NumberOfSharesInEntityHeldByEntityAndByItsSubsidiaries,0.0,母公司暨子公司所持有之母公司庫藏股股數
2025-06-30,2880,CurrentIncomeTaxAssets,247665000.0,本期所得稅資產
2025-06-30,2880,CurrentIncomeTaxAssets_per,0.01,本期所得稅資產
2025-09-30,2880,CashAndCashEquivalents,35963073000.0,現金及約當現金
2025-09-30,2880,CashAndCashEquivalents_per,0.85,現金及約當現金
2025-09-30,2880,InvestmentAccountedForUsingEquityMethod,271924000.0,採用權益法之投資
2025-09-30,2880,InvestmentAccountedForUsingEquityMethod_per,0.01,採用權益法之投資
2025-09-30,2880,RightOfUseAsset,2032683000.0,使用權資產
2025-09-30,2880,RightOfUseAsset_per,0.05,使用權資產
2025-09-30,2880,IntangibleAssets,958842000.0,無形資產
2025-09-30,2880,IntangibleAssets_per,0.02,無形資產
2025-09-30,2880,DeferredTaxAssets,3745468000.0,遞延所得稅資產
2025-09-30,2880,DeferredTaxAssets_per,0.09,遞延所得稅資產
2025-09-30,2880,TotalAssets,4248426977000.0,資產總計
2025-09-30,2880,TotalAssets_per,100.0,資產總計
2025-09-30,2880,CurrentTaxLiabilities,2030539000.0,本期所得稅負債
2025-09-30,2880,CurrentTaxLiabilities_per,0.05,本期所得稅負債
2025-09-30,2880,Liabilities,4020552235000.0,負債總
2025-09-30,2880,Liabilities_per,94.64,負債總
2025-09-30,2880,OrdinaryShare,139169651000.0,普通股股本
2025-09-30,2880,OrdinaryShare_per,3.28,普通股股本
2025-09-30,2880,LegalReserve,27239092000.0,法定盈餘公積
2025-09-30,2880,LegalReserve_per,0.64,法定盈餘公積
2025-09-30,2880,UnappropriatedRetainedEarningsAaccumulatedDeficit,37538134000.0,未分配盈餘
2025-09-30,2880,UnappropriatedRetainedEarningsAaccumulatedDeficit_per,0.88,未分配盈餘
2025-09-30,2880,NoncontrollingInterests,2456000.0,非控制權益
2025-09-30,2880,NoncontrollingInterests_per,0.0,非控制權益
2025-09-30,2880,Equity,227874742000.0,權益總計
2025-09-30,2880,Equity_per,5.36,權益總計
2025-09-30,2880,TotalLiabilitiesEquity,4248426977000.0,負債及權益總計
2025-09-30,2880,TotalLiabilitiesEquity_per,100.0,負債及權益總計
2025-09-30,2880,NumberOfSharesInEntityHeldByEntityAndByItsSubsidiaries,0.0,母公司暨子公司所持有之母公司庫藏股股數
2025-09-30,2880,CurrentIncomeTaxAssets,275082000.0,本期所得稅資產
2025-09-30,2880,CurrentIncomeTaxAssets_per,0.01,本期所得稅資產
2025-12-31,2880,CashAndCashEquivalents,41545842000.0,現金及約當現金
2025-12-31,2880,CashAndCashEquivalents_per,0.96,現金及約當現金
2025-12-31,2880,InvestmentAccountedForUsingEquityMethod_per,0.01,採用權益法之投資
2025-12-31,2880,RightOfUseAsset,2308677000.0,使用權資產
2025-12-31,2880,RightOfUseAsset_per,0.05,使用權資產
2025-12-31,2880,IntangibleAssets,1027777000.0,無形資產
2025-12-31,2880,IntangibleAssets_per,0.02,無形資產
2025-12-31,2880,DeferredTaxAssets_per,0.09,遞延所得稅資產
2025-12-31,2880,TotalAssets_per,100.0,資產總計
2025-12-31,2880,CurrentTaxLiabilities_per,0.06,本期所得稅負債
2025-12-31,2880,OrdinaryShare,139169651000.0,普通股股本
2025-12-31,2880,OrdinaryShare_per,3.22,普通股股本
2025-12-31,2880,LegalReserve,27239092000.0,法定盈餘公積
2025-12-31,2880,LegalReserve_per,0.63,法定盈餘公積
2025-12-31,2880,NoncontrollingInterests,2530000.0,非控制權益
2025-12-31,2880,NoncontrollingInterests_per,0.0,非控制權益
2025-12-31,2880,TotalLiabilitiesEquity_per,100.0,負債及權益總計
2025-12-31,2880,NumberOfSharesInEntityHeldByEntityAndByItsSubsidiaries,0.0,母公司暨子公司所持有之母公司庫藏股股數
2025-12-31,2880,CurrentIncomeTaxAssets,218046000.0,本期所得稅資產
2025-12-31,2880,CurrentIncomeTaxAssets_per,0.01,本期所得稅資產
2025-12-31,2880,CurrentContractLiabilities,14054482000.0,合約負債
2025-12-31,2880,CurrentContractLiabilities_per,0.33,合約負債
2025-12-31,2880,InvestmentAccountedForUsingEquityMethod,276674000.0,採用權益法之投資
2025-12-31,2880,DeferredTaxAssets,3864859000.0,遞延所得稅資產
2025-12-31,2880,TotalAssets,4322806252000.0,資產總計
2025-12-31,2880,CurrentTaxLiabilities,2541413000.0,本期所得稅負債
2025-12-31,2880,Liabilities,4085767329000.0,負債總
2025-12-31,2880,Liabilities_per,94.52,負債總
2025-12-31,2880,UnappropriatedRetainedEarningsAaccumulatedDeficit,44740951000.0,未分配盈餘
2025-12-31,2880,UnappropriatedRetainedEarningsAaccumulatedDeficit_per,1.03,未分配盈餘
2025-12-31,2880,Equity,237038923000.0,權益總計
2025-12-31,2880,Equity_per,5.48,權益總計
2025-12-31,2880,TotalLiabilitiesEquity,4322806252000.0,負債及權益總計
